	ingroup_n	ingroupnames	ingroup_mean	outgroup_n	outgroup_mean	score	oddsratio	pvalue	BH_pvalue	SignedBH_pvalue	background_n	background_mean	zscore
ecadherin_nascentaj_pathway	35	ITGAE, TJP1, CYFIP2, RAPGEF1, CTTN, CRK, TIAM1, PIP5K1C, CTNNA1, WASF2, JUP, CSNK2B, DLG1, CSNK2A1, IQGAP1, ITGB7, KLHL20, PIK3CA, ARF6, ENAH, RHOA, RAC1, CSNK2A2, CTNNB1, PIK3R1, SRC, NME1, RAP1B, NCKAP1, RAP1A, CCND1, CDH1, AP1M1, CDC42, AKT1	0.11834882110997	9916	0.0116177787082801	NA	-0.320273151616435	0.000382198891887287	0.015204610789349	0.015204610789349	NA	NA	0.561592689510367
integrin1_pathway	45	ITGA3, ITGA9, IGSF8, COL5A1, COL11A1, ITGA7, CD81, NID1, VTN, TGFBI, PLAU, LAMB1, COL4A1, COL7A1, LAMA4, ITGA5, THBS2, COL4A5, LAMA2, SPP1, LAMC1, ITGA4, VCAM1, CD14, THBS1, ITGA11, LAMC2, LAMA3, CSPG4, FGA, COL6A1, LAMB3, FBN1, MDK, ITGAV, LAMA5, FGB, COL6A3, TGM2, F13A1, ITGA2, LAMB2, ITGA6, TNC, NPNT	-0.163279276856356	9916	0.0116177787082801	NA	0.526888082111963	4.78653561231113e-09	9.28587908788359e-07	-9.28587908788359e-07	NA	NA	-1.25637250822503
integrin4_pathway	10	LAMB3, LAMC1, LAMC2, LAMB1, LAMA2, ITGB4, LAMA3, LAMB2, LAMA5, ITGA6	-0.241726883617105	9916	0.0116177787082801	NA	0.743021379588544	9.77186637660665e-05	0.00947871038530845	-0.00947871038530845	NA	NA	-3.09417952047964
integrin_cs_pathway	20	ITGA2B, ITGA3, ITGA5, ITGAE, ITGAL, ITGAM, ITGB5, ITGB8, ITGA11, ITGB4, ITGA6, ITGA2, ITGB2, ITGB3, ITGAV, ITGB6, ITGB7, ITGA9, ITGA4, ITGAX	-0.145024543077365	9916	0.0116177787082801	NA	0.483087938684954	0.000391871412096623	0.015204610789349	-0.015204610789349	NA	NA	-1.16786959493924
plexind1_pathway	16	SEMA4A, RRAS, ITGA7, ITGA11, ARF6, ITGA9, NRP1, ITGA5, ITGA6, ITGA3, ITGA4, ITGA2, PLXND1, ITGAV, IQSEC1, SEMA3C	-0.179167156482749	9916	0.0116177787082801	NA	0.526636244453409	0.000175363676004681	0.011340184381636	-0.011340184381636	NA	NA	-0.982184159811661
