	ingroup_n	ingroupnames	ingroup_mean	outgroup_n	outgroup_mean	score	oddsratio	pvalue	BH_pvalue	SignedBH_pvalue	background_n	background_mean	zscore
integrin1_pathway	45	ITGA3, ITGA9, IGSF8, COL5A1, COL11A1, ITGA7, CD81, NID1, VTN, TGFBI, PLAU, LAMB1, COL4A1, COL7A1, LAMA4, ITGA5, THBS2, COL4A5, LAMA2, SPP1, LAMC1, ITGA4, VCAM1, CD14, THBS1, ITGA11, LAMC2, LAMA3, CSPG4, FGA, COL6A1, LAMB3, FBN1, MDK, ITGAV, LAMA5, FGB, COL6A3, TGM2, F13A1, ITGA2, LAMB2, ITGA6, TNC, NPNT	-0.115678913298491	9916	0.0127722115088116	NA	0.44642553000762	2.66849544339198e-06	0.000517688116018045	-0.000517688116018045	NA	NA	-1.10041065813699
integrin4_pathway	10	LAMB3, LAMC1, LAMC2, LAMB1, LAMA2, ITGB4, LAMA3, LAMB2, LAMA5, ITGA6	-0.179507014593344	9916	0.0127722115088116	NA	0.6771278741428	0.000201939994510014	0.0130587863116476	-0.0130587863116476	NA	NA	-3.25817852659568
integrin_cs_pathway	20	ITGA2B, ITGA3, ITGA5, ITGAE, ITGAL, ITGAM, ITGB5, ITGB8, ITGA11, ITGB4, ITGA6, ITGA2, ITGB2, ITGB3, ITGAV, ITGB6, ITGB7, ITGA9, ITGA4, ITGAX	-0.139451043194126	9916	0.0127722115088116	NA	0.546914078257362	1.02602647249483e-05	0.000995245678319989	-0.000995245678319989	NA	NA	-1.62341078887699
plexind1_pathway	16	SEMA4A, RRAS, ITGA7, ITGA11, ARF6, ITGA9, NRP1, ITGA5, ITGA6, ITGA3, ITGA4, ITGA2, PLXND1, ITGAV, IQSEC1, SEMA3C	-0.139137169028789	9916	0.0127722115088116	NA	0.502382513110125	0.000458409250549963	0.0222328486516732	-0.0222328486516732	NA	NA	-1.08536034401351
