	ingroup_n	ingroupnames	ingroup_mean	outgroup_n	outgroup_mean	score	oddsratio	pvalue	BH_pvalue	SignedBH_pvalue	background_n	background_mean	zscore
integrin1_pathway	45	ITGA3, ITGA9, IGSF8, COL5A1, COL11A1, ITGA7, CD81, NID1, VTN, TGFBI, PLAU, LAMB1, COL4A1, COL7A1, LAMA4, ITGA5, THBS2, COL4A5, LAMA2, SPP1, LAMC1, ITGA4, VCAM1, CD14, THBS1, ITGA11, LAMC2, LAMA3, CSPG4, FGA, COL6A1, LAMB3, FBN1, MDK, ITGAV, LAMA5, FGB, COL6A3, TGM2, F13A1, ITGA2, LAMB2, ITGA6, TNC, NPNT	-0.0841213546883709	9916	0.0143120876179946	NA	0.353659629779033	0.000429411391000389	0.0380354586176845	-0.0380354586176845	NA	NA	-0.824444624938851
integrin4_pathway	10	LAMB3, LAMC1, LAMC2, LAMB1, LAMA2, ITGB4, LAMA3, LAMB2, LAMA5, ITGA6	-0.148013489463403	9916	0.0143120876179946	NA	0.600766438079871	0.000588177195118833	0.0380354586176845	-0.0380354586176845	NA	NA	-2.63319019946752
integrin_cs_pathway	20	ITGA2B, ITGA3, ITGA5, ITGAE, ITGAL, ITGAM, ITGB5, ITGB8, ITGA11, ITGB4, ITGA6, ITGA2, ITGB2, ITGB3, ITGAV, ITGB6, ITGB7, ITGA9, ITGA4, ITGAX	-0.105808906978319	9916	0.0143120876179946	NA	0.455506252521178	6.33857119041181e-05	0.0122968281093989	-0.0122968281093989	NA	NA	-1.20033987344981
